WORD_ID,VOCAB_WORD,VOCAB_COUNT
0,http,10662
1,use,5017
2,list,4852
3,email,4370
4,get,4187
5,mail,3985
6,one,3905
7,free,3171
8,time,3090
9,work,2880
10,messag,2787
11,make,2777
12,like,2765
13,would,2746
14,peopl,2671
15,new,2667
16,inform,2662
17,receiv,2476
18,pleas,2177
19,click,2145
20,busi,2135
21,address,2133
22,want,2059
23,us,2015
24,need,2003
25,order,1992
26,remov,1965
27,also,1878
28,go,1856
29,year,1835
30,send,1831
31,money,1798
32,file,1791
33,compani,1762
34,system,1712
35,report,1692
36,way,1679
37,wrote,1666
38,name,1660
39,user,1642
40,look,1632
41,chang,1613
42,site,1613
43,day,1602
44,know,1598
45,state,1583
46,program,1567
47,may,1566
48,see,1543
49,call,1537
50,could,1532
51,group,1528
52,even,1499
53,think,1489
54,includ,1487
55,linux,1464
56,first,1456
57,offer,1447
58,take,1409
59,say,1407
60,right,1387
61,servic,1387
62,tri,1356
63,world,1356
64,help,1354
65,find,1341
66,internet,1334
67,market,1332
68,product,1301
69,mani,1270
70,much,1263
71,home,1242
72,said,1228
73,softwar,1226
74,web,1224
75,problem,1222
76,date,1211
77,line,1203
78,spam,1195
79,link,1189
80,check,1187
81,start,1187
82,number,1181
83,run,1171
84,good,1170
85,thing,1165
86,well,1114
87,subject,1104
88,interest,1077
89,phone,1068
90,govern,1067
91,person,1063
92,provid,1045
93,set,1039
94,today,1021
95,come,1017
96,million,1016
97,ad,1016
98,server,1015
99,give,1015
100,follow,1011
101,back,1008
102,best,1007
103,month,994
104,form,993
105,rate,985
106,everi,981
107,secur,974
108,gener,956
109,url,944
110,price,940
111,still,930
112,comput,925
113,packag,918
114,instal,906
115,code,898
116,sent,897
117,avail,897
118,life,891
119,version,888
120,commun,886
121,read,886
122,sinc,879
123,maintain,874
124,grant,874
125,sponsor,869
126,thank,867
127,network,861
128,two,851
129,differ,850
130,credit,845
131,without,843
132,made,835
133,develop,829
134,support,826
135,within,825
136,week,820
137,page,817
138,write,810
139,save,807
140,realli,800
141,case,800
142,subscript,800
143,irish,796
144,someth,794
145,current,793
146,un,790
147,last,788
148,anyon,788
149,onlin,778
150,complet,776
151,sure,774
152,build,767
153,card,767
154,seem,767
155,requir,765
156,custom,763
157,manag,763
158,de,750
159,ilug,746
160,never,744
161,better,743
162,window,742
163,keep,741
164,special,738
165,ca,736
166,point,736
167,place,735
168,search,734
169,per,721
170,anoth,720
171,found,715
172,actual,712
173,access,711
174,result,709
175,repli,706
176,contact,704
177,question,701
178,part,699
179,base,696
180,futur,695
181,listmast,695
182,old,695
183,put,691
184,issu,691
185,wish,688
186,long,678
187,next,675
188,let,671
189,live,668
190,countri,666
191,hour,666
192,end,664
193,invest,662
194,must,660
195,mean,660
196,unsubscrib,660
197,easi,660
198,process,658
199,unit,653
200,great,647
201,lot,647
202,got,645
203,account,642
204,nation,642
205,technolog,642
206,show,642
207,guarante,638
208,might,632
209,power,630
210,releas,629
211,legal,627
212,data,626
213,cost,623
214,allow,617
215,success,615
216,sourc,614
217,news,613
218,engin,607
219,possibl,606
220,trade,603
221,profession,603
222,visit,603
223,idea,601
224,post,601
225,increas,600
226,pay,598
227,ask,597
228,public,596
229,advertis,594
230,open,593
231,error,592
232,opportun,587
233,websit,587
234,test,586
235,real,584
236,sell,577
237,ever,576
238,less,574
239,respons,573
240,insur,572
241,plan,571
242,design,569
243,tell,567
244,creat,564
245,word,562
246,buy,561
247,reason,558
248,howev,557
249,prefer,557
250,heaven,556
251,someon,555
252,effect,555
253,aug,553
254,color,548
255,cd,548
256,law,547
257,sale,547
258,improv,544
259,applic,544
260,around,543
261,instead,542
262,fact,539
263,least,537
264,box,536
265,ye,534
266,dollar,534
267,fix,531
268,american,530
269,rpm,528
270,job,526
271,copi,525
272,simpl,518
273,probabl,518
274,origin,513
275,believ,512
276,cours,510
277,contain,507
278,move,503
279,type,503
280,fax,503
281,happen,502
282,friend,501
283,though,501
284,littl,499
285,els,496
286,financi,494
287,total,492
288,share,491
289,welcom,491
290,valu,491
291,request,490
292,add,488
293,exampl,488
294,return,487
295,abl,486
296,client,485
297,perl,483
298,format,483
299,anyth,479
300,simpli,477
301,alway,477
302,alreadi,476
303,high,475
304,protect,474
305,fill,473
306,full,473
307,cash,472
308,mailto,470
309,feel,470
310,directori,469
311,regard,467
312,purchas,467
313,bit,466
314,stop,466
315,licens,466
316,signatur,463
317,import,462
318,intern,461
319,experi,461
320,answer,460
321,polici,460
322,exist,458
323,past,455
324,famili,454
325,note,454
326,learn,453
327,updat,453
328,top,452
329,info,450
330,sep,449
331,geek,448
332,becom,447
333,act,445
334,lead,444
335,drive,443
336,age,443
337,small,443
338,second,442
339,instruct,442
340,ship,442
341,suppli,441
342,control,440
343,member,437
344,databas,437
345,thousand,436
346,low,436
347,recent,435
348,incom,432
349,select,431
350,featur,429
351,stuff,427
352,minut,425
353,appli,424
354,turn,423
355,industri,423
356,done,423
357,sever,423
358,yet,423
359,folder,422
360,citi,422
361,continu,420
362,limit,420
363,understand,419
364,tool,419
365,detail,418
366,guid,417
367,c,415
368,noth,414
369,e,413
370,exmh,412
371,step,411
372,notic,411
373,everyth,411
374,oper,410
375,enough,410
376,big,409
377,claim,409
378,sign,408
379,univers,407
380,letter,407
381,caus,407
382,larg,404
383,key,403
384,care,402
385,other,402
386,three,400
387,hard,400
388,thinkgeek,399
389,connect,397
390,record,395
391,text,394
392,discuss,394
393,accept,394
394,etc,394
395,bill,393
396,thu,393
397,play,392
398,term,392
399,via,390
400,specif,390
401,offic,390
402,pgp,390
403,america,388
404,talk,388
405,mayb,386
406,direct,386
407,deal,386
408,immedi,386
409,download,384
410,option,384
411,major,383
412,seen,382
413,forc,381
414,true,380
415,hope,380
416,subscrib,380
417,thought,378
418,kind,378
419,center,378
420,method,377
421,individu,377
422,decid,376
423,rule,375
424,log,374
425,lose,374
426,plu,373
427,matter,371
428,natur,371
429,comment,371
430,risk,369
431,either,369
432,yahoo,368
433,assist,367
434,quot,365
435,rather,365
436,present,365
437,mime,364
438,content,364
439,away,364
440,rememb,363
441,wait,363
442,r,362
443,bank,362
444,hand,362
445,fund,361
446,local,360
447,kernel,359
448,project,358
449,secret,357
450,loan,355
451,train,354
452,hundr,354
453,level,354
454,corpor,353
455,activ,353
456,consid,352
457,matthia,352
458,research,352
459,area,350
460,razor,350
461,forward,349
462,august,349
463,book,348
464,bodi,348
465,root,344
466,stori,343
467,addit,341
468,machin,340
469,standard,339
470,benefit,339
471,target,339
472,entir,338
473,war,338
474,bad,337
475,quit,337
476,suggest,337
477,document,336
478,appear,335
479,posit,335
480,copyright,335
481,global,335
482,presid,335
483,bug,333
484,author,333
485,often,332
486,expect,331
487,distribut,330
488,juli,330
489,polit,329
490,human,328
491,mind,328
492,septemb,326
493,grow,325
494,jul,324
495,ago,324
496,size,323
497,hit,322
498,qualiti,322
499,none,321
500,trust,321
501,easili,319
502,partner,319
503,absolut,319
504,island,318
505,pm,318
506,b,317
507,whether,317
508,agent,317
509,love,317
510,join,316
511,given,315
512,solut,314
513,involv,314
514,collect,314
515,happi,313
516,amount,313
517,fast,312
518,associ,312
519,singl,311
520,charg,311
521,domain,311
522,man,310
523,whole,309
524,promot,308
525,dvd,307
526,later,306
527,fork,306
528,far,306
529,earn,306
530,sort,306
531,hi,305
532,feder,305
533,parti,305
534,submit,304
535,upon,304
536,mortgag,304
537,normal,302
538,enter,302
539,meet,301
540,potenti,301
541,wrong,300
542,wed,300
543,refer,300
544,nice,299
545,red,299
546,function,299
547,tm,298
548,load,297
549,publish,296
550,econom,296
551,transact,296
552,john,296
553,social,296
554,almost,296
555,wonder,296
556,discov,295
557,everyon,293
558,reach,293
559,close,292
560,pass,291
561,view,291
562,fail,290
563,execut,289
564,sound,286
565,depend,284
566,profit,283
567,women,283
568,perform,283
569,privat,283
570,attack,282
571,broadcast,282
572,x,281
573,newslett,279
574,paid,278
575,relat,278
576,automat,278
577,effort,277
578,statement,277
579,contract,277
580,delet,276
581,begin,275
582,mark,275
583,foreign,274
584,compil,273
585,sequenc,272
586,miss,271
587,regist,271
588,media,271
589,spamassassin,270
590,bush,270
591,final,269
592,figur,268
593,cell,268
594,header,268
595,command,267
596,stock,267
597,handl,267
598,display,266
599,similar,265
600,action,265
601,locat,264
602,tuesday,264
603,game,264
604,templ,263
605,pick,263
606,transfer,263
607,digit,263
608,event,262
609,disk,262
610,hat,262
611,wo,262
612,chri,261
613,produc,261
614,known,259
615,soon,258
616,track,257
617,articl,256
618,print,255
619,longer,254
620,tax,254
621,properti,253
622,mention,252
623,pretti,252
624,toner,251
625,script,250
626,store,250
627,dear,250
628,default,250
629,debt,249
630,men,249
631,pc,249
632,hous,248
633,oblig,248
634,microsoft,247
635,respect,247
636,sun,247
637,imag,247
638,upgrad,247
639,due,246
640,organ,246
641,enenkio,245
642,bulk,245
643,weight,244
644,capit,244
645,commiss,244
646,payment,244
647,administr,244
648,freedom,243
649,health,243
650,daili,243
651,along,243
652,usa,241
653,worth,241
654,propos,241
655,practic,241
656,n,241
657,half,241
658,offici,241
659,cartridg,241
660,strategi,240
661,resourc,240
662,came,240
663,languag,240
664,billion,240
665,late,239
666,leav,239
667,concern,238
668,assum,238
669,platform,238
670,remain,237
671,net,237
672,clear,237
673,devic,236
674,html,236
675,street,236
676,exactli,236
677,ignor,235
678,lost,235
679,car,235
680,anyway,235
681,tire,234
682,ok,233
683,interact,232
684,hear,231
685,head,231
686,respond,231
687,went,231
688,tue,231
689,la,230
690,tablet,230
691,deliv,230
692,taken,230
693,independ,229
694,perhap,228
695,bring,228
696,configur,228
697,clean,228
698,qualifi,226
699,space,226
700,fine,225
701,watch,225
702,fals,225
703,averag,225
704,invok,224
705,press,224
706,expens,223
707,recommend,223
708,school,223
709,short,223
710,retail,223
711,memori,221
712,fall,221
713,enabl,221
714,membership,221
715,guess,220
716,consult,220
717,host,220
718,fee,220
719,huge,220
720,edit,219
721,extrem,219
722,xml,219
723,suit,219
724,left,219
725,usual,218
726,choos,218
727,review,218
728,advantag,217
729,warn,217
730,common,217
731,except,216
732,en,216
733,compar,216
734,port,215
735,agre,215
736,materi,215
737,region,215
738,abil,214
739,main,214
740,side,214
741,field,213
742,announc,213
743,paper,212
744,drop,212
745,basic,212
746,fri,212
747,five,212
748,dream,212
749,although,212
750,told,212
751,guy,212
752,le,212
753,readi,211
754,item,211
755,educ,211
756,black,211
757,spend,211
758,vulner,211
759,hold,211
760,growth,211
761,model,210
762,cheer,210
763,win,210
764,bonu,209
765,face,209
766,replac,209
767,electron,209
768,studi,208
769,unseen,208
770,confidenti,208
771,interfac,208
772,altern,207
773,reserv,207
774,loss,207
775,accord,206
776,kingdom,206
777,mon,206
778,safe,206
779,intend,206
780,avoid,205
781,j,205
782,choic,204
783,implement,203
784,multipl,202
785,id,202
786,approv,202
787,oz,202
788,rest,202
789,histori,201
790,commerci,201
791,situat,201
792,moment,200
793,break,200
794,p,198
795,investig,198
796,insid,198
797,togeth,198
798,combin,198
799,chanc,198
800,extra,198
801,employ,198
802,pictur,197
803,purpos,197
804,quick,197
805,initi,197
806,coupl,197
807,section,197
808,confirm,196
809,advanc,196
810,msg,196
811,monday,195
812,across,195
813,util,195
814,court,195
815,goe,195
816,particular,194
817,burn,194
818,unless,194
819,energi,193
820,object,193
821,score,192
822,express,192
823,male,191
824,et,191
825,india,191
826,indic,190
827,owner,190
828,video,190
829,took,190
830,sens,189
831,filter,189
832,count,189
833,correct,188
834,directli,188
835,societi,188
836,speed,188
837,agenc,188
838,profil,187
839,four,187
840,variou,187
841,procedur,187
842,die,187
843,anywher,187
844,valid,187
845,match,186
846,cut,186
847,uniqu,186
848,period,186
849,seek,186
850,gpl,186
851,ventur,186
852,especi,185
853,consum,185
854,piec,185
855,sex,185
856,certain,184
857,kevin,184
858,investor,184
859,behalf,184
860,white,184
861,whatev,184
862,spammer,184
863,popul,183
864,adam,183
865,class,183
866,knowledg,183
867,setup,183
868,explain,183
869,remot,182
870,gain,182
871,latest,182
872,oh,181
873,unison,181
874,dagga,181
875,atol,181
876,militari,181
877,tip,181
878,block,180
879,ftp,180
880,gari,179
881,marshal,179
882,south,179
883,googl,179
884,unix,179
885,patch,178
886,tv,178
887,lawrenc,178
888,team,177
889,switch,177
890,establish,177
891,smoke,177
892,valuabl,177
893,aaaaaaaaaaaaaaaaaaaaaaaaaaaaaaaaaaaaaaaaaaaaaaaaaaaaaaaaaaaaaaaaaaaaaaaaaaaa,176
894,ragga,176
895,java,176
896,imagin,176
897,shop,176
898,integr,175
899,prevent,174
900,robert,174
901,prepar,173
902,third,173
903,attempt,173
904,boot,173
905,privaci,172
906,will,172
907,folk,172
908,sometim,171
909,hardwar,171
910,heard,171
911,manual,171
912,sorri,171
913,tag,171
914,necessari,171
915,particip,170
916,bottl,170
917,reduc,170
918,screen,170
919,saou,170
920,york,170
921,congress,170
922,night,169
923,sa,169
924,fastest,169
925,china,169
926,backup,168
927,stand,168
928,depart,168
929,cover,168
930,enjoy,168
931,goal,167
932,regul,167
933,obtain,167
934,alb,167
935,path,167
936,seriou,167
937,certainli,167
938,driver,167
939,mass,167
940,h,166
941,botan,166
942,competit,166
943,lower,166
944,amaz,166
945,suppos,166
946,fulli,165
947,land,165
948,promis,165
949,medic,164
950,capabl,164
951,speak,164
952,poor,164
953,scienc,163
954,apolog,163
955,deathtospamdeathtospamdeathtospam,163
956,introduc,163
957,traffic,163
958,extend,163
959,lowest,163
960,titl,163
961,defin,162
962,movi,162
963,describ,162
964,definit,161
965,troubl,161
966,film,160
967,cv,160
968,exchang,160
969,paul,160
970,neg,160
971,rang,159
972,easier,159
973,osdn,158
974,sender,158
975,os,158
976,decis,158
977,wireless,158
978,technic,157
979,approach,157
980,death,157
981,predict,156
982,earli,156
983,murphi,156
984,six,156
985,quickli,155
986,beberg,155
987,written,155
988,commit,155
989,fortun,155
990,redhat,154
991,worri,154
992,kill,154
993,sold,154
994,im,154
995,music,153
996,seventh,153
997,apt,153
998,ham,153
999,firm,153
1000,judgment,153
1001,michael,153
1002,button,153
1003,ensur,152
1004,opinion,152
1005,fat,152
1006,king,152
1007,north,152
1008,father,152
1009,economi,152
1010,mobil,152
1011,attach,151
1012,faster,151
1013,telephon,151
1014,browser,151
1015,archiv,150
1016,argument,150
1017,player,150
1018,librari,150
1019,bar,150
1020,achiev,150
1021,premium,150
1022,enterpris,149
1023,adult,149
1024,travel,149
1025,desir,149
1026,separ,149
1027,techniqu,149
1028,cooper,148
1029,threat,148
1030,demand,148
1031,deserv,147
1032,appar,147
1033,board,147
1034,uk,146
1035,f,145
1036,anim,145
1037,condit,145
1038,modul,145
1039,hello,145
1040,elimin,144
1041,enhanc,144
1042,determin,144
1043,estat,144
1044,wide,144
1045,stay,144
1046,terrorist,144
1047,dave,144
1048,attent,144
1049,outsid,144
1050,children,143
1051,monthli,143
1052,repres,143
1053,cabl,143
1054,drug,143
1055,wall,143
1056,virtual,143
1057,expert,143
1058,modifi,142
1059,held,142
1060,gnupg,142
1061,declar,142
1062,sincer,142
1063,pain,142
1064,environ,142
1065,washington,141
1066,permiss,141
1067,danger,141
1068,signific,141
1069,fun,141
1070,relev,140
1071,kid,140
1072,iii,140
1073,confid,140
1074,david,140
1075,canada,139
1076,cat,139
1077,programm,139
1078,rich,139
1079,sum,139
1080,l,139
1081,w,139
1082,exclus,138
1083,equip,138
1084,g,138
1085,cc,138
1086,popular,137
1087,proven,137
1088,forev,137
1089,air,137
1090,bottom,136
1091,justin,136
1092,excel,136
1093,bitbitch,136
1094,string,136
1095,diet,136
1096,expand,135
1097,centuri,135
1098,usd,135
1099,paragraph,135
1100,factor,134
1101,friday,134
1102,skip,134
1103,central,134
1104,monitor,133
1105,identifi,133
1106,near,133
1107,anybodi,133
1108,challeng,133
1109,pattern,133
1110,relationship,133
1111,san,133
1112,terror,132
1113,appreci,132
1114,excit,132
1115,toward,132
1116,asset,132
1117,director,132
1118,behind,132
1119,perfect,131
1120,confer,131
1121,exercis,131
1122,girl,131
1123,sexual,130
1124,whose,130
1125,citizen,130
1126,unsolicit,130
1127,roman,130
1128,rais,130
1129,among,130
1130,rh,130
1131,discoveri,130
1132,progress,130
1133,defens,130
1134,background,130
1135,road,129
1136,west,129
1137,fit,129
1138,sampl,129
1139,hettinga,129
1140,difficult,129
1141,rel,129
1142,entri,128
1143,illeg,128
1144,intellig,128
1145,photo,128
1146,thread,128
1147,lender,128
1148,colleg,128
1149,octob,128
1150,acquir,128
1151,partit,128
1152,spain,128
1153,seri,127
1154,william,127
1155,earth,127
1156,strong,127
1157,confus,127
1158,chief,127
1159,tie,127
1160,reader,127
1161,solv,127
1162,serv,127
1163,european,126
1164,instant,126
1165,ms,126
1166,measur,126
1167,refin,126
1168,stupid,126
1169,largest,126
1170,fair,126
1171,tree,126
1172,mode,125
1173,verifi,125
1174,extract,125
1175,french,125
1176,built,124
1177,equival,124
1178,peac,124
1179,regular,124
1180,procmail,123
1181,mac,123
1182,reliabl,123
1183,index,123
1184,slow,123
1185,lock,123
1186,resid,123
1187,deliveri,123
1188,laptop,123
1189,oct,123
1190,conveni,123
1191,sweet,123
1192,smart,122
1193,dead,122
1194,categori,122
1195,brian,122
1196,suse,122
1197,datapow,122
1198,tradit,122
1199,inlin,121
1200,front,121
1201,graphic,121
1202,arial,121
1203,africa,121
1204,leader,120
1205,cach,120
1206,ident,120
1207,europ,120
1208,voic,120
1209,evid,119
1210,useless,119
1211,annuiti,119
1212,tim,119
1213,statu,119
1214,emerg,119
1215,realiz,119
1216,ten,119
1217,femal,119
1218,campaign,118
1219,compat,118
1220,occur,118
1221,verdana,118
1222,gnu,118
1223,capillari,118
1224,desktop,118
1225,fire,118
1226,therefor,117
1227,young,117
1228,cultur,117
1229,gift,117
1230,abus,117
1231,institut,116
1232,revenu,116
1233,satellit,116
1234,physic,116
1235,higher,116
1236,herba,116
1237,concept,116
1238,previous,116
1239,convers,115
1240,deposit,115
1241,walk,115
1242,aid,115
1243,brand,115
1244,warranti,115
1245,thursday,115
1246,launch,115
1247,nigeria,114
1248,roll,114
1249,underlin,114
1250,contribut,114
1251,doubt,114
1252,concentr,114
1253,degre,114
1254,otherwis,114
1255,june,114
1256,yeah,113
1257,inde,113
1258,classifi,113
1259,weapon,113
1260,repositori,113
1261,honor,113
1262,carri,113
1263,unlimit,113
1264,former,113
1265,compet,113
1266,arriv,113
1267,wife,113
1268,indian,113
1269,forget,113
1270,echo,113
1271,pacif,113
1272,recipi,112
1273,listen,112
1274,affili,112
1275,critic,112
1276,powel,112
1277,token,112
1278,fight,112
1279,conflict,112
1280,app,111
1281,password,111
1282,storag,111
1283,surpris,111
1284,unfortun,111
1285,tech,111
1286,extens,111
1287,percent,111
1288,sat,111
1289,isp,111
1290,art,110
1291,civil,110
1292,assur,110
1293,basi,110
1294,detect,110
1295,catch,110
1296,hermio,110
1297,sit,110
1298,hot,110
1299,jabber,110
1300,succeed,110
1301,sleep,110
1302,effici,110
1303,panel,109
1304,printer,109
1305,garrigu,109
1306,alsa,109
1307,kept,109
1308,substanti,109
1309,intro,109
1310,water,109
1311,pull,108
1312,ip,108
1313,scan,108
1314,light,108
1315,menu,108
1316,tabl,108
1317,descript,108
1318,charact,108
1319,mine,108
1320,enemi,108
1321,proprietari,108
1322,jm,108
1323,revers,107
1324,advic,107
1325,output,107
1326,god,107
1327,attract,107
1328,discount,107
1329,joe,107
1330,saw,107
1331,disabl,107
1332,pudg,107
1333,v,107
1334,truth,107
1335,wednesday,107
1336,worldwid,106
1337,af,106
1338,manufactur,106
1339,balanc,106
1340,gone,106
1341,analysi,106
1342,vendor,106
1343,euro,106
1344,seven,106
1345,structur,106
1346,jame,105
1347,franc,105
1348,alon,105
1349,vote,105
1350,specifi,105
1351,teach,105
1352,room,105
1353,decad,105
1354,lack,105
1355,agreement,105
1356,morn,105
1357,cool,105
1358,gold,104
1359,whitelist,104
1360,editor,104
1361,awar,104
1362,california,104
1363,wast,104
1364,patent,104
1365,k,104
1366,boston,104
1367,polic,103
1368,inc,103
1369,zip,103
1370,treat,103
1371,insert,103
1372,construct,103
1373,innov,103
1374,nobodi,103
1375,obvious,102
1376,journal,102
1377,tom,102
1378,highli,102
1379,temperatur,102
1380,u,102
1381,theori,102
1382,financ,102
1383,ga,102
1384,career,102
1385,clue,102
1386,flag,101
1387,spec,101
1388,ultim,101
1389,constitut,101
1390,input,101
1391,touch,101
1392,son,101
1393,int,101
1394,gcc,101
1395,impress,101
1396,afford,101
1397,encourag,101
1398,incred,101
1399,brain,100
1400,greater,100
1401,ab,100
1402,cent,100
1403,usag,100
1404,ebay,100
1405,trick,100
1406,attorney,100
1407,anymor,100
1408,correspond,100
1409,peni,100
1410,jim,99
1411,annual,99
1412,mother,99
1413,wake,99
1414,master,99
1415,previou,99
1416,middl,99
1417,trial,99
1418,hp,99
1419,blood,99
1420,boy,99
1421,blank,99
1422,el,98
1423,democrat,98
1424,urgent,98
1425,larger,98
1426,hate,98
1427,dan,98
1428,suffer,98
1429,mike,98
1430,mechan,98
1431,greg,98
1432,cbyi,98
1433,stream,98
1434,pound,97
1435,cheap,97
1436,focu,97
1437,perman,97
1438,advis,97
1439,php,96
1440,underwrit,96
1441,particularli,96
1442,skeptic,96
1443,speech,96
1444,summari,96
1445,style,96
1446,mostli,96
1447,flow,96
1448,star,96
1449,judg,96
1450,smtp,96
1451,varieti,96
1452,obviou,95
1453,mistak,95
1454,vacat,95
1455,behavior,95
1456,delay,95
1457,instanc,95
1458,bold,95
1459,wealth,95
1460,dynam,95
1461,percentag,95
1462,super,94
1463,destruct,94
1464,binari,94
1465,toni,94
1466,republ,94
1467,dark,94
1468,comfort,94
1469,warm,94
1470,keyboard,94
1471,earlier,94
1472,eye,93
1473,channel,93
1474,rock,93
1475,arm,93
1476,laserjet,93
1477,telecom,93
1478,affect,93
1479,firewal,93
1480,reveal,93
1481,auto,93
1482,termin,93
1483,aa,93
1484,woman,93
1485,rick,93
1486,mailer,93
1487,suspect,93
1488,motiv,92
1489,essenti,92
1490,tend,92
1491,steve,92
1492,knew,92
1493,ban,92
1494,consolid,92
1495,ireland,92
1496,se,92
1497,prospect,91
1498,recogn,91
1499,english,91
1500,alli,91
1501,domest,91
1502,consist,91
1503,rss,91
1504,floppi,91
1505,principl,91
1506,heart,91
1507,btw,91
1508,skill,91
1509,vipul,91
1510,pack,90
1511,lawyer,90
1512,highlight,90
1513,impact,90
1514,prompt,90
1515,core,90
1516,estim,90
1517,beta,90
1518,wing,90
1519,nearli,89
1520,invit,89
1521,eventu,89
1522,somewher,89
1523,restor,89
1524,gnome,89
1525,opt,89
1526,eval,89
1527,dell,89
1528,magazin,89
1529,defend,89
1530,staff,88
1531,task,88
1532,lifetim,88
1533,fl,88
1534,unlik,88
1535,revis,88
1536,role,88
1537,variabl,88
1538,convert,88
1539,ftoc,88
1540,font,88
1541,beat,88
1542,vehicl,88
1543,march,88
1544,planta,88
1545,comprehens,88
1546,pipe,88
1547,biggest,87
1548,eat,87
1549,ground,87
1550,python,87
1551,map,87
1552,audio,87
1553,babi,87
1554,pocket,87
1555,hair,87
1556,modem,87
1557,modern,87
1558,teledynam,87
1559,dn,87
1560,histor,87
1561,food,87
1562,clearli,87
1563,despit,87
1564,bf,86
1565,ii,86
1566,fresh,86
1567,suck,86
1568,complianc,86
1569,picasso,86
1570,commentari,86
1571,strength,86
1572,sensit,86
1573,favor,86
1574,bind,86
1575,ec,86
1576,shown,85
1577,senior,85
1578,minimum,85
1579,dragon,85
1580,strongli,85
1581,british,85
1582,mlm,85
1583,netscap,85
1584,coverag,85
1585,exploit,85
1586,config,85
1587,doctor,84
1588,texa,84
1589,stabl,84
1590,mile,84
1591,mailbox,84
1592,failur,84
1593,truli,84
1594,spot,84
1595,instantli,84
1596,dont,84
1597,beyond,84
1598,met,84
1599,interview,84
1600,protocol,84
1601,gave,84
1602,peter,84
1603,ea,84
1604,liber,84
1605,conserv,84
1606,employe,84
1607,permit,84
1608,reli,83
1609,typic,83
1610,everybodi,83
1611,optim,83
1612,equal,83
1613,consider,83
1614,signal,83
1615,synchron,83
1616,tx,83
1617,tape,83
1618,calcul,83
1619,brought,83
1620,visa,83
1621,hover,82
1622,led,82
1623,translat,82
1624,al,82
1625,showcas,82
1626,proper,82
1627,worst,82
1628,dial,82
1629,draw,82
1630,exact,82
1631,hidden,82
1632,q,82
1633,startup,82
1634,chines,82
1635,revok,82
1636,geeg,82
1637,distanc,82
1638,crash,82
1639,char,82
1640,bonus,81
1641,evil,81
1642,boss,81
1643,stylu,81
1644,annoy,81
1645,broker,81
1646,finish,81
1647,neighbor,81
1648,prove,81
1649,extern,81
1650,imposs,81
1651,crimin,81
1652,spent,81
1653,plant,81
1654,yesterday,81
1655,favorit,81
1656,bearer,80
1657,z,80
1658,retriev,80
1659,rare,80
1660,sole,80
1661,feet,80
1662,explor,80
1663,repair,80
1664,bigger,80
1665,bb,80
1666,pop,80
1667,artist,80
1668,acknowledg,80
1669,ran,80
1670,foundat,80
1671,sir,80
1672,poverti,79
1673,equiti,79
1674,hotel,79
1675,edward,79
1676,hack,79
1677,england,79
1678,expir,79
1679,scientist,79
1680,planet,79
1681,beauti,79
1682,serious,79
1683,properli,79
1684,rebuild,79
1685,portion,79
1686,rob,79
1687,safeti,79
1688,somebodi,79
1689,evalu,79
1690,strang,79
1691,hell,79
1692,guidelin,79
1693,sport,78
1694,strip,78
1695,prescript,78
1696,minor,78
1697,antiqu,78
1698,jump,78
1699,restrict,78
1700,station,78
1701,autom,78
1702,helvetica,78
1703,climat,78
1704,push,78
1705,iiu,78
1706,scheme,78
1707,summer,78
1708,correctli,78
1709,spread,78
1710,bell,78
1711,lie,78
1712,chicago,78
1713,sunday,78
1714,vou,77
1715,headlin,77
1716,diseas,77
1717,mount,77
1718,student,77
1719,becam,77
1720,epson,77
1721,lo,77
1722,shape,77
1723,currenc,77
1724,para,77
1725,radio,77
1726,recruit,77
1727,primari,77
1728,gentl,77
1729,entertain,77
1730,fundament,77
1731,threaten,77
1732,recal,76
1733,damag,76
1734,hang,76
1735,happier,76
1736,husband,76
1737,proxi,76
1738,protest,76
1739,spamd,76
1740,resum,76
1741,craig,76
1742,herb,76
1743,merchant,76
1744,architectur,76
1745,seed,76
1746,mainten,76
1747,laser,76
1748,settlement,75
1749,sendmail,75
1750,doubl,75
1751,muscl,75
1752,feroc,75
1753,plug,75
1754,van,75
1755,prioriti,75
1756,corpu,75
1757,remedi,75
1758,vast,75
1759,empti,75
1760,exit,75
1761,bc,75
1762,buyer,75
1763,stick,75
1764,somehow,74
1765,creativ,74
1766,ba,74
1767,hire,74
1768,ticket,74
1769,prior,74
1770,moor,74
1771,faith,74
1772,hall,74
1773,feedback,74
1774,symbol,74
1775,tel,74
1776,dozen,74
1777,laugh,74
1778,georg,74
1779,western,74
1780,viagra,74
1781,angl,74
1782,green,74
1783,reg,74
1784,disappear,74
1785,luck,74
1786,oil,73
1787,ssh,73
1788,camera,73
1789,kathmandu,73
1790,usb,73
1791,anonym,73
1792,disclaim,73
1793,feed,73
1794,seminar,73
1795,supplement,73
1796,batteri,73
1797,norton,73
1798,hormon,73
1799,wors,73
1800,bother,73
1801,reject,73
1802,broken,73
1803,realiti,73
1804,aspect,73
1805,child,73
1806,shall,72
1807,pour,72
1808,acceler,72
1809,entrepreneur,72
1810,arrang,72
1811,encrypt,72
1812,appeal,72
1813,ie,72
1814,fantasi,72
1815,committe,72
1816,parent,72
1817,doc,72
1818,argu,72
1819,perfectli,72
1820,convent,72
1821,allianc,72
1822,shot,72
1823,substanc,72
1824,democraci,72
1825,sponsorship,71
1826,neither,71
1827,à,71
1828,observ,71
1829,shock,71
1830,authent,71
1831,phrase,71
1832,legitim,71
1833,slightli,71
1834,statist,71
1835,serial,71
1836,electr,71
1837,convinc,71
1838,mozilla,71
1839,park,71
1840,random,71
1841,blue,71
1842,barcelona,70
1843,east,70
1844,funni,70
1845,appropri,70
1846,refund,70
1847,empir,70
1848,edg,70
1849,strictli,70
1850,queri,70
1851,resolv,70
1852,award,70
1853,frame,70
1854,door,70
1855,auction,70
1856,hey,70
1857,alert,70
1858,merg,70
1859,edificio,70
1860,nort,70
1861,kelli,69
1862,volum,69
1863,repeat,69
1864,eugen,69
1865,lesson,69
1866,smaller,69
1867,tomorrow,69
1868,aphrodisia,69
1869,hunt,69
1870,solari,69
1871,surviv,69
1872,daniel,69
1873,capac,69
1874,highest,69
1875,carrier,69
1876,bear,69
1877,pressur,69
1878,ac,69
1879,fear,69
1880,stabil,69
1881,survey,69
1882,damn,69
1883,amend,68
1884,januari,68
1885,trip,68
1886,virus,68
1887,banner,68
1888,arrest,68
1889,aggress,68
1890,pablo,68
1891,bought,68
1892,herbal,68
1893,farquhar,68
1894,strike,68
1895,twice,68
1896,mr,68
1897,nt,68
1898,owen,68
1899,odd,68
1900,te,68
1901,fairli,68
1902,mason,68
1903,declin,68
1904,meant,68
1905,union,68
1906,alter,68
1907,appl,67
1908,violat,67
1909,ah,67
1910,harm,67
1911,easiest,67
1912,winner,67
1913,licenc,67
1914,weekend,67
1915,race,67
1916,promiscu,67
1917,cancel,67
1918,complain,67
1919,inbox,67
1920,cold,67
1921,duplic,67
1922,compon,67
1923,zero,67
1924,bound,67
1925,exclud,67
1926,gmt,67
1927,welch,67
1928,md,66
1929,formula,66
1930,reduct,66
1931,ratio,66
1932,scam,66
1933,spray,66
1934,mous,66
1935,genet,66
1936,farm,66
1937,mirror,66
1938,postal,66
1939,mh,66
1940,blog,66
1941,vari,66
1942,debian,66
1943,bandwidth,66
1944,audienc,66
1945,presum,66
1946,algorithm,66
1947,honest,66
1948,bunch,66
1949,round,66
1950,pill,66
1951,nativ,66
1952,prosaka,66
1953,deni,66
1954,brief,65
1955,compens,65
1956,partnership,65
1957,sea,65
1958,split,65
1959,approxim,65
1960,reboot,65
1961,vjestika,65
1962,gay,65
1963,analyst,65
1964,gibbon,65
1965,viru,65
1966,possess,65
1967,â,65
1968,bankruptci,65
1969,tab,65
1970,martin,65
1971,elsewher,65
1972,austin,65
1973,precis,65
1974,club,65
1975,iraq,65
1976,renew,65
1977,processor,64
1978,plugin,64
1979,margin,64
1980,buffer,64
1981,testimoni,64
1982,dramat,64
1983,roger,64
1984,porn,64
1985,gordon,64
1986,massiv,64
1987,weekli,64
1988,reward,64
1989,deploy,64
1990,label,64
1991,msgid,64
1992,saturday,64
1993,envelop,64
1994,lift,64
1995,grand,64
1996,religion,63
1997,dig,63
1998,writer,63
1999,retir,63
2000,rohit,63
2001,collabor,63
2002,ibm,63
2003,engag,63
2004,agreeabl,63
2005,anytim,63
2006,flash,63
2007,nvidia,63
2008,cancer,63
2009,aol,63
2010,environment,63
2011,infrastructur,63
2012,complex,63
2013,that,63
2014,registr,63
2015,adopt,63
2016,millionair,63
2017,prohibit,63
2018,apart,63
2019,sm,63
2020,fuck,63
2021,hmm,63
2022,cycl,62
2023,northern,62
2024,harley,62
2025,assembl,62
2026,ministri,62
2027,solicit,62
2028,length,62
2029,plenti,62
2030,inconveni,62
2031,shell,62
2032,satisfi,62
2033,african,62
2034,schedul,62
2035,thoma,62
2036,ps,62
2037,justic,62
2038,yellow,62
2039,conduct,62
2040,ae,62
2041,rout,61
2042,began,61
2043,onto,61
2044,ffffff,61
2045,img,61
2046,null,61
2047,self,61
2048,henc,61
2049,acquisit,61
2050,rose,61
2051,experienc,61
2052,candid,61
2053,swap,61
2054,own,61
2055,duncan,61
2056,excess,61
2057,enforc,61
2058,distro,61
2059,encount,61
2060,mere,61
2061,clock,61
2062,farmer,61
2063,liter,60
2064,scale,60
2065,newspap,60
2066,grab,60
2067,evolv,60
2068,invent,60
2069,transform,60
2070,wholesal,60
2071,straight,60
2072,kate,60
2073,domin,60
2074,deep,60
2075,famou,60
2076,london,60
2077,minim,60
2078,conclud,60
2079,demonstr,60
2080,prosper,60
2081,attend,60
2082,throw,60
2083,homeown,60
2084,russian,60
2085,da,60
2086,elect,60
2087,guido,60
2088,pointer,60
2089,boost,59
2090,wave,59
2091,buck,59
2092,var,59
2093,toll,59
2094,hors,59
2095,solid,59
2096,colleagu,59
2097,glad,59
2098,televis,59
2099,lawsuit,59
2100,rank,59
2101,niall,59
2102,mix,59
2103,context,59
2104,murder,59
2105,receipt,59
2106,chat,59
2107,oppos,59
2108,christian,59
2109,unabl,59
2110,co,58
2111,blame,58
2112,skin,58
2113,crime,58
2114,proof,58
2115,religi,58
2116,preserv,58
2117,attain,58
2118,loop,58
2119,valhalla,58
2120,routin,58
2121,resel,58
2122,entiti,58
2123,assert,58
2124,remark,58
2125,corrupt,58
2126,brent,57
2127,russia,57
2128,tune,57
2129,passphras,57
2130,abacha,57
2131,asia,57
2132,accur,57
2133,vircio,57
2134,tast,57
2135,scientif,57
2136,paypal,57
2137,habea,57
2138,newsgroup,57
2139,forest,57
2140,moral,57
2141,marshalles,57
2142,icq,57
2143,numer,57
2144,inspir,57
2145,inkjet,57
2146,webmast,57
2147,replica,57
2148,glm,57
2149,mathemat,57
2150,hash,56
2151,sheet,56
2152,chart,56
2153,throughout,56
2154,bless,56
2155,po,56
2156,destroy,56
2157,victim,56
2158,hint,56
2159,formal,56
2160,rise,56
2161,column,56
2162,na,56
2163,yield,56
2164,brother,56
2165,embed,56
2166,ben,56
2167,frequent,56
2168,song,56
2169,heavi,56
2170,bu,56
2171,mountain,56
2172,visitor,56
2173,regardless,56
2174,joseph,56
2175,jar,56
2176,trace,55
2177,incompat,55
2178,logic,55
2179,remind,55
2180,consequ,55
2181,chip,55
2182,ed,55
2183,town,55
2184,mess,55
2185,drink,55
2186,freebsd,55
2187,pure,55
2188,classic,55
2189,labor,55
2190,decemb,55
2191,branch,55
2192,aim,55
2193,amateur,55
2194,bay,55
2195,dog,55
2196,limbo,55
2197,focus,54
2198,assign,54
2199,worker,54
2200,spamtrap,54
2201,joke,54
2202,medium,54
2203,syntax,54
2204,export,54
2205,pars,54
2206,violenc,54
2207,smoker,54
2208,est,54
2209,coast,54
2210,ladi,54
2211,spirit,54
2212,satisfact,54
2213,topic,54
2214,il,54
2215,privileg,54
2216,que,54
2217,prize,54
2218,crap,54
2219,gambl,54
2220,imho,54
2221,exceed,54
2222,exhibit,54
2223,felt,54
2224,negoti,54
2225,adapt,54
2226,fan,53
2227,stamp,53
2228,cheaper,53
2229,circumst,53
2230,complic,53
2231,appoint,53
2232,battl,53
2233,specialist,53
2234,pa,53
2235,batch,53
2236,pursu,53
2237,tremend,53
2238,byte,53
2239,vice,53
2240,incorpor,53
2241,opposit,53
2242,lib,53
2243,boundari,52
2244,loos,52
2245,ui,52
2246,caught,52
2247,moder,52
2248,liberti,52
2249,truck,52
2250,goto,52
2251,strengthen,52
2252,okay,52
2253,keyword,52
2254,intel,52
2255,lover,52
2256,pro,52
2257,bet,52
2258,border,52
2259,sur,52
2260,unwant,52
2261,trivial,52
2262,chairman,52
2263,unknown,52
2264,struggl,52
2265,sophist,52
2266,admit,52
2267,kit,52
2268,affair,52
2269,riaa,52
2270,gather,52
2271,compress,52
2272,compel,52
2273,entitl,52
2274,airlin,52
2275,alan,52
2276,florida,52
2277,older,52
2278,jodi,52
2279,disclosur,51
2280,ahead,51
2281,mastercard,51
2282,muslim,51
2283,airport,51
2284,sector,51
2285,surfac,51
2286,wear,51
2287,ideal,51
2288,trend,51
2289,transmiss,51
2290,dublin,51
2291,belief,51
2292,penni,51
2293,pioneer,51
2294,britain,51
2295,album,51
2296,hole,51
2297,ownership,51
2298,ved,51
2299,owe,51
2300,stage,51
2301,australia,51
2302,raw,50
2303,majesti,50
2304,dice,50
2305,maker,50
2306,wa,50
2307,encod,50
2308,assumpt,50
2309,adjust,50
2310,stephen,50
2311,pickl,50
2312,refus,50
2313,weather,50
2314,msn,50
2315,overal,50
2316,jack,50
2317,lay,50
2318,outlook,50
2319,tin,50
2320,weak,50
2321,scott,50
2322,mplayer,50
2323,dump,50
2324,relay,50
2325,palestinian,50
2326,stress,50
2327,maximum,50
2328,reform,50
2329,suffici,50
2330,ice,50
2331,wealthi,49
2332,influenc,49
2333,transpar,49
2334,debug,49
2335,captur,49
2336,propag,49
2337,hawaii,49
2338,portabl,49
2339,sentenc,49
2340,ne,49
2341,hide,49
2342,finger,49
2343,curv,49
2344,chain,49
2345,marri,49
2346,schuman,49
2347,magic,49
2348,lilo,48
2349,spring,48
2350,endeavor,48
2351,holiday,48
2352,ce,48
2353,catalog,48
2354,vision,48
2355,silli,48
2356,whatsoev,48
2357,frustrat,48
2358,retain,48
2359,proceed,48
2360,astronom,48
2361,patrick,48
2362,egg,48
2363,bone,48
2364,crack,48
2365,shout,48
2366,mandat,48
2367,explan,48
2368,depress,48
2369,trademark,48
2370,ou,48
2371,dinosaur,48
2372,session,48
2373,admin,48
2374,submiss,48
2375,timeout,48
2376,ethic,47
2377,hospit,47
2378,buri,47
2379,tower,47
2380,francisco,47
2381,virginia,47
2382,inexpens,47
2383,intellectu,47
2384,rah,47
2385,settl,47
2386,latter,47
2387,heck,47
2388,speaker,47
2389,ram,47
2390,rapidli,47
2391,unusu,47
2392,ar,47
2393,scratch,47
2394,belong,47
2395,movement,47
2396,api,47
2397,weird,47
2398,spambay,47
2399,fli,47
2400,gpg,47
2401,outstand,47
2402,casino,47
2403,hacker,47
2404,mysql,47
2405,besid,47
2406,randomli,47
2407,circl,47
2408,corner,47
2409,prob,46
2410,greatest,46
2411,germani,46
2412,jeremi,46
2413,pentium,46
2414,recognit,46
2415,necessarili,46
2416,eb,46
2417,bomb,46
2418,openssl,46
2419,thirti,46
2420,plane,46
2421,igtt,46
2422,abandon,46
2423,lean,46
2424,formul,46
2425,constant,46
2426,preced,46
2427,expos,46
2428,ton,46
2429,joint,46
2430,scholarship,46
2431,ez,46
2432,tivo,46
2433,minist,46
2434,twenti,46
2435,organis,46
2436,snore,46
2437,du,46
2438,iroijlaplap,46
2439,celebr,46
2440,xxx,46
2441,ir,46
2442,fuel,46
2443,intent,46
2444,forum,45
2445,openssh,45
2446,german,45
2447,draft,45
2448,armi,45
2449,fp,45
2450,marriag,45
2451,tweak,45
2452,theme,45
2453,recov,45
2454,une,45
2455,richard,45
2456,maxim,45
2457,arg,45
2458,wild,45
2459,harvest,45
2460,jurisdict,45
2461,element,45
2462,dr,45
2463,conclus,45
2464,japan,45
2465,relax,45
2466,season,45
2467,es,45
2468,greet,45
2469,framework,45
2470,murjel,44
2471,trader,44
2472,tobacco,44
2473,advisor,44
2474,telecommun,44
2475,potent,44
2476,decreas,44
2477,anthoni,44
2478,bond,44
2479,con,44
2480,bullet,44
2481,magnitud,44
2482,hook,44
2483,angel,44
2484,zone,44
2485,elig,44
2486,milter,44
2487,notifi,44
2488,ratak,44
2489,invalid,44
2490,scenario,44
2491,quarter,44
2492,burner,44
2493,rm,44
2494,bob,44
2495,maxaman,44
2496,pleasur,44
2497,distributor,44
2498,council,44
2499,subsequ,44
